"unix_time","time_utc","time_local","value","metric"
"1781206714","2026-06-11 19:38:34","2026-06-12 03:38:34","12734464",""
"1781206729","2026-06-11 19:38:49","2026-06-12 03:38:49","12734464",""
"1781206744","2026-06-11 19:39:04","2026-06-12 03:39:04","12738560",""
"1781206759","2026-06-11 19:39:19","2026-06-12 03:39:19","12738560",""
"1781206774","2026-06-11 19:39:34","2026-06-12 03:39:34","12582912",""
"1781206789","2026-06-11 19:39:49","2026-06-12 03:39:49","12587008",""
"1781206804","2026-06-11 19:40:04","2026-06-12 03:40:04","12587008",""
"1781206819","2026-06-11 19:40:19","2026-06-12 03:40:19","12587008",""
"1781206834","2026-06-11 19:40:34","2026-06-12 03:40:34","12619776",""
"1781206849","2026-06-11 19:40:49","2026-06-12 03:40:49","12619776",""
"1781206864","2026-06-11 19:41:04","2026-06-12 03:41:04","12619776",""
"1781206879","2026-06-11 19:41:19","2026-06-12 03:41:19","12619776",""
"1781206894","2026-06-11 19:41:34","2026-06-12 03:41:34","12615680",""
"1781206909","2026-06-11 19:41:49","2026-06-12 03:41:49","12746752",""
"1781206924","2026-06-11 19:42:04","2026-06-12 03:42:04","12746752",""
"1781206939","2026-06-11 19:42:19","2026-06-12 03:42:19","12754944",""
"1781206954","2026-06-11 19:42:34","2026-06-12 03:42:34","12746752",""
"1781206969","2026-06-11 19:42:49","2026-06-12 03:42:49","12746752",""
"1781206984","2026-06-11 19:43:04","2026-06-12 03:43:04","12746752",""
"1781206999","2026-06-11 19:43:19","2026-06-12 03:43:19","12746752",""
"1781207014","2026-06-11 19:43:34","2026-06-12 03:43:34","12746752",""
"1781207029","2026-06-11 19:43:49","2026-06-12 03:43:49","12746752",""
"1781207044","2026-06-11 19:44:04","2026-06-12 03:44:04","12742656",""
"1781207059","2026-06-11 19:44:19","2026-06-12 03:44:19","12746752",""
"1781207074","2026-06-11 19:44:34","2026-06-12 03:44:34","13008896",""
"1781207089","2026-06-11 19:44:49","2026-06-12 03:44:49","12746752",""
"1781207104","2026-06-11 19:45:04","2026-06-12 03:45:04","12775424",""
"1781207119","2026-06-11 19:45:19","2026-06-12 03:45:19","12775424",""
"1781207134","2026-06-11 19:45:34","2026-06-12 03:45:34","12775424",""
"1781207149","2026-06-11 19:45:49","2026-06-12 03:45:49","12787712",""
"1781207164","2026-06-11 19:46:04","2026-06-12 03:46:04","12787712",""
"1781207179","2026-06-11 19:46:19","2026-06-12 03:46:19","12967936",""
"1781207194","2026-06-11 19:46:34","2026-06-12 03:46:34","12972032",""
"1781207209","2026-06-11 19:46:49","2026-06-12 03:46:49","12972032",""
"1781207224","2026-06-11 19:47:04","2026-06-12 03:47:04","12972032",""
"1781207239","2026-06-11 19:47:19","2026-06-12 03:47:19","12967936",""
"1781207254","2026-06-11 19:47:34","2026-06-12 03:47:34","12984320",""
"1781207269","2026-06-11 19:47:49","2026-06-12 03:47:49","12972032",""
"1781207284","2026-06-11 19:48:04","2026-06-12 03:48:04","12972032",""
"1781207299","2026-06-11 19:48:19","2026-06-12 03:48:19","12972032",""
"1781207314","2026-06-11 19:48:34","2026-06-12 03:48:34","12722176",""
"1781207329","2026-06-11 19:48:49","2026-06-12 03:48:49","12713984",""
"1781207344","2026-06-11 19:49:04","2026-06-12 03:49:04","12713984",""
"1781207359","2026-06-11 19:49:19","2026-06-12 03:49:19","12713984",""
"1781207374","2026-06-11 19:49:34","2026-06-12 03:49:34","12713984",""
"1781207389","2026-06-11 19:49:49","2026-06-12 03:49:49","12709888",""
"1781207404","2026-06-11 19:50:04","2026-06-12 03:50:04","12709888",""
"1781207419","2026-06-11 19:50:19","2026-06-12 03:50:19","12836864",""
"1781207434","2026-06-11 19:50:34","2026-06-12 03:50:34","12840960",""
"1781207449","2026-06-11 19:50:49","2026-06-12 03:50:49","12845056",""
"1781207464","2026-06-11 19:51:04","2026-06-12 03:51:04","12840960",""
"1781207479","2026-06-11 19:51:19","2026-06-12 03:51:19","12840960",""
"1781207494","2026-06-11 19:51:34","2026-06-12 03:51:34","12840960",""
"1781207509","2026-06-11 19:51:49","2026-06-12 03:51:49","12886016",""
"1781207524","2026-06-11 19:52:04","2026-06-12 03:52:04","12886016",""
"1781207539","2026-06-11 19:52:19","2026-06-12 03:52:19","12886016",""
"1781207554","2026-06-11 19:52:34","2026-06-12 03:52:34","12955648",""
"1781207569","2026-06-11 19:52:49","2026-06-12 03:52:49","12955648",""
"1781207584","2026-06-11 19:53:04","2026-06-12 03:53:04","12980224",""
"1781207599","2026-06-11 19:53:19","2026-06-12 03:53:19","12816384",""
"1781207614","2026-06-11 19:53:34","2026-06-12 03:53:34","12816384",""
"1781207629","2026-06-11 19:53:49","2026-06-12 03:53:49","12816384",""
"1781207644","2026-06-11 19:54:04","2026-06-12 03:54:04","12816384",""
"1781207659","2026-06-11 19:54:19","2026-06-12 03:54:19","12816384",""
"1781207674","2026-06-11 19:54:34","2026-06-12 03:54:34","12816384",""
"1781207689","2026-06-11 19:54:49","2026-06-12 03:54:49","12816384",""
"1781207704","2026-06-11 19:55:04","2026-06-12 03:55:04","13082624",""
"1781207719","2026-06-11 19:55:19","2026-06-12 03:55:19","12881920",""
"1781207734","2026-06-11 19:55:34","2026-06-12 03:55:34","12881920",""
"1781207749","2026-06-11 19:55:49","2026-06-12 03:55:49","12881920",""
"1781207764","2026-06-11 19:56:04","2026-06-12 03:56:04","12881920",""
"1781207779","2026-06-11 19:56:19","2026-06-12 03:56:19","12877824",""
"1781207794","2026-06-11 19:56:34","2026-06-12 03:56:34","13045760",""
"1781207809","2026-06-11 19:56:49","2026-06-12 03:56:49","13045760",""
"1781207824","2026-06-11 19:57:04","2026-06-12 03:57:04","13049856",""
"1781207839","2026-06-11 19:57:19","2026-06-12 03:57:19","13049856",""
"1781207854","2026-06-11 19:57:34","2026-06-12 03:57:34","12869632",""
"1781207869","2026-06-11 19:57:49","2026-06-12 03:57:49","12869632",""
"1781207884","2026-06-11 19:58:04","2026-06-12 03:58:04","12877824",""
"1781207899","2026-06-11 19:58:19","2026-06-12 03:58:19","12877824",""
"1781207914","2026-06-11 19:58:34","2026-06-12 03:58:34","12873728",""
"1781207929","2026-06-11 19:58:49","2026-06-12 03:58:49","12881920",""
"1781207944","2026-06-11 19:59:04","2026-06-12 03:59:04","12881920",""
"1781207959","2026-06-11 19:59:19","2026-06-12 03:59:19","12877824",""
"1781207974","2026-06-11 19:59:34","2026-06-12 03:59:34","12881920",""
"1781207989","2026-06-11 19:59:49","2026-06-12 03:59:49","12881920",""
"1781208004","2026-06-11 20:00:04","2026-06-12 04:00:04","12881920",""
"1781208019","2026-06-11 20:00:19","2026-06-12 04:00:19","12881920",""
"1781208034","2026-06-11 20:00:34","2026-06-12 04:00:34","12881920",""
"1781208049","2026-06-11 20:00:49","2026-06-12 04:00:49","12881920",""
"1781208064","2026-06-11 20:01:04","2026-06-12 04:01:04","12881920",""
"1781208079","2026-06-11 20:01:19","2026-06-12 04:01:19","13185024",""
"1781208094","2026-06-11 20:01:34","2026-06-12 04:01:34","13185024",""
"1781208109","2026-06-11 20:01:49","2026-06-12 04:01:49","13185024",""
"1781208124","2026-06-11 20:02:04","2026-06-12 04:02:04","13185024",""
"1781208139","2026-06-11 20:02:19","2026-06-12 04:02:19","13185024",""
"1781208154","2026-06-11 20:02:34","2026-06-12 04:02:34","13201408",""
"1781208169","2026-06-11 20:02:49","2026-06-12 04:02:49","13201408",""
"1781208184","2026-06-11 20:03:04","2026-06-12 04:03:04","13201408",""
"1781208199","2026-06-11 20:03:19","2026-06-12 04:03:19","13201408",""
"1781208214","2026-06-11 20:03:34","2026-06-12 04:03:34","13209600",""
"1781208229","2026-06-11 20:03:49","2026-06-12 04:03:49","13201408",""
"1781208244","2026-06-11 20:04:04","2026-06-12 04:04:04","13201408",""
"1781208259","2026-06-11 20:04:19","2026-06-12 04:04:19","13201408",""
"1781208274","2026-06-11 20:04:34","2026-06-12 04:04:34","13201408",""
"1781208289","2026-06-11 20:04:49","2026-06-12 04:04:49","13205504",""
"1781208304","2026-06-11 20:05:04","2026-06-12 04:05:04","13201408",""
"1781208319","2026-06-11 20:05:19","2026-06-12 04:05:19","13201408",""
"1781208334","2026-06-11 20:05:34","2026-06-12 04:05:34","13201408",""
"1781208349","2026-06-11 20:05:49","2026-06-12 04:05:49","12943360",""
"1781208364","2026-06-11 20:06:04","2026-06-12 04:06:04","12947456",""
"1781208379","2026-06-11 20:06:19","2026-06-12 04:06:19","12959744",""
"1781208394","2026-06-11 20:06:34","2026-06-12 04:06:34","12947456",""
"1781208409","2026-06-11 20:06:49","2026-06-12 04:06:49","12947456",""
"1781208424","2026-06-11 20:07:04","2026-06-12 04:07:04","12947456",""
"1781208439","2026-06-11 20:07:19","2026-06-12 04:07:19","12947456",""
"1781208454","2026-06-11 20:07:34","2026-06-12 04:07:34","12943360",""
"1781208469","2026-06-11 20:07:49","2026-06-12 04:07:49","12947456",""
"1781208484","2026-06-11 20:08:04","2026-06-12 04:08:04","12959744",""
"1781208499","2026-06-11 20:08:19","2026-06-12 04:08:19","12947456",""
"1781208514","2026-06-11 20:08:34","2026-06-12 04:08:34","12951552",""
"1781208529","2026-06-11 20:08:49","2026-06-12 04:08:49","12955648",""
"1781208544","2026-06-11 20:09:04","2026-06-12 04:09:04","12955648",""
"1781208559","2026-06-11 20:09:19","2026-06-12 04:09:19","13221888",""
"1781208574","2026-06-11 20:09:34","2026-06-12 04:09:34","13221888",""
"1781208589","2026-06-11 20:09:49","2026-06-12 04:09:49","12967936",""
"1781208604","2026-06-11 20:10:04","2026-06-12 04:10:04","12976128",""
"1781208619","2026-06-11 20:10:19","2026-06-12 04:10:19","12976128",""
"1781208634","2026-06-11 20:10:34","2026-06-12 04:10:34","12976128",""
"1781208649","2026-06-11 20:10:49","2026-06-12 04:10:49","12972032",""
"1781208664","2026-06-11 20:11:04","2026-06-12 04:11:04","12976128",""
"1781208679","2026-06-11 20:11:19","2026-06-12 04:11:19","12976128",""
"1781208694","2026-06-11 20:11:34","2026-06-12 04:11:34","12976128",""
"1781208709","2026-06-11 20:11:49","2026-06-12 04:11:49","13004800",""
"1781208724","2026-06-11 20:12:04","2026-06-12 04:12:04","13094912",""
"1781208739","2026-06-11 20:12:19","2026-06-12 04:12:19","13107200",""
"1781208754","2026-06-11 20:12:34","2026-06-12 04:12:34","13123584",""
"1781208769","2026-06-11 20:12:49","2026-06-12 04:12:49","13115392",""
"1781208784","2026-06-11 20:13:04","2026-06-12 04:13:04","13115392",""
"1781208799","2026-06-11 20:13:19","2026-06-12 04:13:19","13115392",""
"1781208814","2026-06-11 20:13:34","2026-06-12 04:13:34","13111296",""
"1781208829","2026-06-11 20:13:49","2026-06-12 04:13:49","13115392",""
"1781208844","2026-06-11 20:14:04","2026-06-12 04:14:04","13115392",""
"1781208859","2026-06-11 20:14:19","2026-06-12 04:14:19","13123584",""
"1781208874","2026-06-11 20:14:34","2026-06-12 04:14:34","13115392",""
"1781208889","2026-06-11 20:14:49","2026-06-12 04:14:49","13115392",""
"1781208904","2026-06-11 20:15:04","2026-06-12 04:15:04","13119488",""
"1781208919","2026-06-11 20:15:19","2026-06-12 04:15:19","13119488",""
"1781208934","2026-06-11 20:15:34","2026-06-12 04:15:34","13119488",""
"1781208949","2026-06-11 20:15:49","2026-06-12 04:15:49","12804096",""
"1781208964","2026-06-11 20:16:04","2026-06-12 04:16:04","12783616",""
"1781208979","2026-06-11 20:16:19","2026-06-12 04:16:19","12787712",""
"1781208994","2026-06-11 20:16:34","2026-06-12 04:16:34","12791808",""
"1781209009","2026-06-11 20:16:49","2026-06-12 04:16:49","12779520",""
"1781209024","2026-06-11 20:17:04","2026-06-12 04:17:04","12783616",""
"1781209039","2026-06-11 20:17:19","2026-06-12 04:17:19","12783616",""
"1781209054","2026-06-11 20:17:34","2026-06-12 04:17:34","12783616",""
"1781209069","2026-06-11 20:17:49","2026-06-12 04:17:49","12791808",""
"1781209084","2026-06-11 20:18:04","2026-06-12 04:18:04","12791808",""
"1781209099","2026-06-11 20:18:19","2026-06-12 04:18:19","12800000",""
"1781209114","2026-06-11 20:18:34","2026-06-12 04:18:34","12800000",""
"1781209129","2026-06-11 20:18:49","2026-06-12 04:18:49","12800000",""
"1781209144","2026-06-11 20:19:04","2026-06-12 04:19:04","12800000",""
"1781209159","2026-06-11 20:19:19","2026-06-12 04:19:19","12800000",""
"1781209174","2026-06-11 20:19:34","2026-06-12 04:19:34","13029376",""
"1781209189","2026-06-11 20:19:49","2026-06-12 04:19:49","13029376",""
"1781209204","2026-06-11 20:20:04","2026-06-12 04:20:04","13029376",""
"1781209219","2026-06-11 20:20:19","2026-06-12 04:20:19","13033472",""
"1781209234","2026-06-11 20:20:34","2026-06-12 04:20:34","13041664",""
"1781209249","2026-06-11 20:20:49","2026-06-12 04:20:49","13041664",""
"1781209264","2026-06-11 20:21:04","2026-06-12 04:21:04","13033472",""
"1781209279","2026-06-11 20:21:19","2026-06-12 04:21:19","13033472",""
"1781209294","2026-06-11 20:21:34","2026-06-12 04:21:34","13029376",""
"1781209309","2026-06-11 20:21:49","2026-06-12 04:21:49","13033472",""
"1781209324","2026-06-11 20:22:04","2026-06-12 04:22:04","13045760",""
"1781209339","2026-06-11 20:22:19","2026-06-12 04:22:19","13045760",""
"1781209354","2026-06-11 20:22:34","2026-06-12 04:22:34","13033472",""
"1781209369","2026-06-11 20:22:49","2026-06-12 04:22:49","13029376",""
"1781209384","2026-06-11 20:23:04","2026-06-12 04:23:04","13041664",""
"1781209399","2026-06-11 20:23:19","2026-06-12 04:23:19","13033472",""
"1781209414","2026-06-11 20:23:34","2026-06-12 04:23:34","13033472",""
"1781209429","2026-06-11 20:23:49","2026-06-12 04:23:49","13029376",""
"1781209444","2026-06-11 20:24:04","2026-06-12 04:24:04","12840960",""
"1781209459","2026-06-11 20:24:19","2026-06-12 04:24:19","12836864",""
"1781209474","2026-06-11 20:24:34","2026-06-12 04:24:34","12840960",""
"1781209489","2026-06-11 20:24:49","2026-06-12 04:24:49","12845056",""
"1781209504","2026-06-11 20:25:04","2026-06-12 04:25:04","12845056",""
"1781209519","2026-06-11 20:25:19","2026-06-12 04:25:19","12845056",""
"1781209534","2026-06-11 20:25:34","2026-06-12 04:25:34","12845056",""
"1781209549","2026-06-11 20:25:49","2026-06-12 04:25:49","12886016",""
"1781209564","2026-06-11 20:26:04","2026-06-12 04:26:04","12890112",""
"1781209579","2026-06-11 20:26:19","2026-06-12 04:26:19","12890112",""
"1781209594","2026-06-11 20:26:34","2026-06-12 04:26:34","12890112",""
"1781209609","2026-06-11 20:26:49","2026-06-12 04:26:49","12886016",""
"1781209624","2026-06-11 20:27:04","2026-06-12 04:27:04","12939264",""
"1781209639","2026-06-11 20:27:19","2026-06-12 04:27:19","12935168",""
"1781209654","2026-06-11 20:27:34","2026-06-12 04:27:34","12939264",""
"1781209669","2026-06-11 20:27:49","2026-06-12 04:27:49","12939264",""
"1781209684","2026-06-11 20:28:04","2026-06-12 04:28:04","12939264",""
"1781209699","2026-06-11 20:28:19","2026-06-12 04:28:19","12935168",""
"1781209714","2026-06-11 20:28:34","2026-06-12 04:28:34","12939264",""
"1781209729","2026-06-11 20:28:49","2026-06-12 04:28:49","12939264",""
"1781209744","2026-06-11 20:29:04","2026-06-12 04:29:04","13234176",""
"1781209759","2026-06-11 20:29:19","2026-06-12 04:29:19","13234176",""
"1781209774","2026-06-11 20:29:34","2026-06-12 04:29:34","13234176",""
"1781209789","2026-06-11 20:29:49","2026-06-12 04:29:49","13234176",""
"1781209804","2026-06-11 20:30:04","2026-06-12 04:30:04","13258752",""
"1781209819","2026-06-11 20:30:19","2026-06-12 04:30:19","13258752",""
"1781209834","2026-06-11 20:30:34","2026-06-12 04:30:34","13258752",""
"1781209849","2026-06-11 20:30:49","2026-06-12 04:30:49","13275136",""
"1781209864","2026-06-11 20:31:04","2026-06-12 04:31:04","13258752",""
"1781209879","2026-06-11 20:31:19","2026-06-12 04:31:19","13254656",""
"1781209894","2026-06-11 20:31:34","2026-06-12 04:31:34","13258752",""
"1781209909","2026-06-11 20:31:49","2026-06-12 04:31:49","13062144",""
"1781209924","2026-06-11 20:32:04","2026-06-12 04:32:04","13062144",""
"1781209939","2026-06-11 20:32:19","2026-06-12 04:32:19","13058048",""
"1781209954","2026-06-11 20:32:34","2026-06-12 04:32:34","13066240",""
"1781209969","2026-06-11 20:32:49","2026-06-12 04:32:49","13062144",""
"1781209984","2026-06-11 20:33:04","2026-06-12 04:33:04","13148160",""
"1781209999","2026-06-11 20:33:19","2026-06-12 04:33:19","13148160",""
"1781210014","2026-06-11 20:33:34","2026-06-12 04:33:34","13148160",""
"1781210029","2026-06-11 20:33:49","2026-06-12 04:33:49","13148160",""
"1781210044","2026-06-11 20:34:04","2026-06-12 04:34:04","13131776",""
"1781210059","2026-06-11 20:34:19","2026-06-12 04:34:19","13131776",""
"1781210074","2026-06-11 20:34:34","2026-06-12 04:34:34","13156352",""
"1781210089","2026-06-11 20:34:49","2026-06-12 04:34:49","13156352",""
"1781210104","2026-06-11 20:35:04","2026-06-12 04:35:04","13156352",""
"1781210119","2026-06-11 20:35:19","2026-06-12 04:35:19","13156352",""
"1781210134","2026-06-11 20:35:34","2026-06-12 04:35:34","13156352",""
"1781210149","2026-06-11 20:35:49","2026-06-12 04:35:49","13156352",""
"1781210164","2026-06-11 20:36:04","2026-06-12 04:36:04","12808192",""
"1781210179","2026-06-11 20:36:19","2026-06-12 04:36:19","12808192",""
"1781210194","2026-06-11 20:36:34","2026-06-12 04:36:34","12800000",""
"1781210209","2026-06-11 20:36:49","2026-06-12 04:36:49","12812288",""
"1781210224","2026-06-11 20:37:04","2026-06-12 04:37:04","12812288",""
"1781210239","2026-06-11 20:37:19","2026-06-12 04:37:19","12787712",""
"1781210254","2026-06-11 20:37:34","2026-06-12 04:37:34","12783616",""
"1781210269","2026-06-11 20:37:49","2026-06-12 04:37:49","12783616",""
"1781210284","2026-06-11 20:38:04","2026-06-12 04:38:04","12787712",""
"1781210299","2026-06-11 20:38:19","2026-06-12 04:38:19","12886016",""
"1781210314","2026-06-11 20:38:34","2026-06-12 04:38:34","12886016",""
"1781210329","2026-06-11 20:38:49","2026-06-12 04:38:49","12886016",""
"1781210344","2026-06-11 20:39:04","2026-06-12 04:39:04","12906496",""
"1781210359","2026-06-11 20:39:19","2026-06-12 04:39:19","12906496",""
"1781210374","2026-06-11 20:39:34","2026-06-12 04:39:34","12906496",""
"1781210389","2026-06-11 20:39:49","2026-06-12 04:39:49","12914688",""
"1781210404","2026-06-11 20:40:04","2026-06-12 04:40:04","13193216",""
"1781210419","2026-06-11 20:40:19","2026-06-12 04:40:19","12918784",""
"1781210434","2026-06-11 20:40:34","2026-06-12 04:40:34","12918784",""
"1781210449","2026-06-11 20:40:49","2026-06-12 04:40:49","12926976",""
"1781210464","2026-06-11 20:41:04","2026-06-12 04:41:04","12926976",""
"1781210479","2026-06-11 20:41:19","2026-06-12 04:41:19","13062144",""
"1781210494","2026-06-11 20:41:34","2026-06-12 04:41:34","13045760",""
"1781210509","2026-06-11 20:41:49","2026-06-12 04:41:49","13049856",""
"1781210524","2026-06-11 20:42:04","2026-06-12 04:42:04","13045760",""
"1781210539","2026-06-11 20:42:19","2026-06-12 04:42:19","13049856",""
"1781210554","2026-06-11 20:42:34","2026-06-12 04:42:34","13049856",""
"1781210569","2026-06-11 20:42:49","2026-06-12 04:42:49","13049856",""
"1781210584","2026-06-11 20:43:04","2026-06-12 04:43:04","13049856",""
"1781210599","2026-06-11 20:43:19","2026-06-12 04:43:19","13049856",""
"1781210614","2026-06-11 20:43:34","2026-06-12 04:43:34","13049856",""
"1781210629","2026-06-11 20:43:49","2026-06-12 04:43:49","13049856",""
"1781210644","2026-06-11 20:44:04","2026-06-12 04:44:04","13058048",""
"1781210659","2026-06-11 20:44:19","2026-06-12 04:44:19","13058048",""
"1781210674","2026-06-11 20:44:34","2026-06-12 04:44:34","13053952",""
"1781210689","2026-06-11 20:44:49","2026-06-12 04:44:49","13058048",""
"1781210704","2026-06-11 20:45:04","2026-06-12 04:45:04","13058048",""
"1781210719","2026-06-11 20:45:19","2026-06-12 04:45:19","13053952",""
"1781210734","2026-06-11 20:45:34","2026-06-12 04:45:34","13058048",""
"1781210749","2026-06-11 20:45:49","2026-06-12 04:45:49","13058048",""
"1781210764","2026-06-11 20:46:04","2026-06-12 04:46:04","13328384",""
"1781210779","2026-06-11 20:46:19","2026-06-12 04:46:19","13496320",""
"1781210794","2026-06-11 20:46:34","2026-06-12 04:46:34","13541376",""
"1781210809","2026-06-11 20:46:49","2026-06-12 04:46:49","13533184",""
"1781210824","2026-06-11 20:47:04","2026-06-12 04:47:04","13533184",""
"1781210839","2026-06-11 20:47:19","2026-06-12 04:47:19","13238272",""
"1781210854","2026-06-11 20:47:34","2026-06-12 04:47:34","13234176",""
"1781210869","2026-06-11 20:47:49","2026-06-12 04:47:49","13234176",""
"1781210884","2026-06-11 20:48:04","2026-06-12 04:48:04","12861440",""
"1781210899","2026-06-11 20:48:19","2026-06-12 04:48:19","12861440",""
"1781210914","2026-06-11 20:48:34","2026-06-12 04:48:34","12861440",""
"1781210929","2026-06-11 20:48:49","2026-06-12 04:48:49","12890112",""
"1781210944","2026-06-11 20:49:04","2026-06-12 04:49:04","12894208",""
"1781210959","2026-06-11 20:49:19","2026-06-12 04:49:19","12894208",""
"1781210974","2026-06-11 20:49:34","2026-06-12 04:49:34","12935168",""
"1781210989","2026-06-11 20:49:49","2026-06-12 04:49:49","12926976",""
"1781211004","2026-06-11 20:50:04","2026-06-12 04:50:04","12926976",""
"1781211019","2026-06-11 20:50:19","2026-06-12 04:50:19","12922880",""
"1781211034","2026-06-11 20:50:34","2026-06-12 04:50:34","12926976",""
"1781211049","2026-06-11 20:50:49","2026-06-12 04:50:49","13066240",""
"1781211064","2026-06-11 20:51:04","2026-06-12 04:51:04","13066240",""
"1781211079","2026-06-11 20:51:19","2026-06-12 04:51:19","13070336",""
"1781211094","2026-06-11 20:51:34","2026-06-12 04:51:34","12767232",""
"1781211109","2026-06-11 20:51:49","2026-06-12 04:51:49","13025280",""
"1781211124","2026-06-11 20:52:04","2026-06-12 04:52:04","12767232",""
"1781211139","2026-06-11 20:52:19","2026-06-12 04:52:19","12771328",""
"1781211154","2026-06-11 20:52:34","2026-06-12 04:52:34","12898304",""
"1781211169","2026-06-11 20:52:49","2026-06-12 04:52:49","12898304",""
"1781211184","2026-06-11 20:53:04","2026-06-12 04:53:04","12902400",""
"1781211199","2026-06-11 20:53:19","2026-06-12 04:53:19","12898304",""
"1781211214","2026-06-11 20:53:34","2026-06-12 04:53:34","12898304",""
"1781211229","2026-06-11 20:53:49","2026-06-12 04:53:49","13176832",""
"1781211244","2026-06-11 20:54:04","2026-06-12 04:54:04","13185024",""
"1781211259","2026-06-11 20:54:19","2026-06-12 04:54:19","13217792",""
"1781211274","2026-06-11 20:54:34","2026-06-12 04:54:34","13217792",""
"1781211289","2026-06-11 20:54:49","2026-06-12 04:54:49","12972032",""
"1781211304","2026-06-11 20:55:04","2026-06-12 04:55:04","12972032",""
"1781211319","2026-06-11 20:55:19","2026-06-12 04:55:19","12972032",""
"1781211334","2026-06-11 20:55:34","2026-06-12 04:55:34","12972032",""
"1781211349","2026-06-11 20:55:49","2026-06-12 04:55:49","13111296",""
"1781211364","2026-06-11 20:56:04","2026-06-12 04:56:04","13103104",""
"1781211379","2026-06-11 20:56:19","2026-06-12 04:56:19","13103104",""
"1781211394","2026-06-11 20:56:34","2026-06-12 04:56:34","13103104",""
"1781211409","2026-06-11 20:56:49","2026-06-12 04:56:49","12910592",""
"1781211424","2026-06-11 20:57:04","2026-06-12 04:57:04","12910592",""
"1781211439","2026-06-11 20:57:19","2026-06-12 04:57:19","12914688",""
"1781211454","2026-06-11 20:57:34","2026-06-12 04:57:34","12910592",""
"1781211469","2026-06-11 20:57:49","2026-06-12 04:57:49","12918784",""
"1781211484","2026-06-11 20:58:04","2026-06-12 04:58:04","13000704",""
"1781211499","2026-06-11 20:58:19","2026-06-12 04:58:19","12992512",""
"1781211514","2026-06-11 20:58:34","2026-06-12 04:58:34","12992512",""
"1781211529","2026-06-11 20:58:49","2026-06-12 04:58:49","12992512",""
"1781211544","2026-06-11 20:59:04","2026-06-12 04:59:04","13099008",""
"1781211559","2026-06-11 20:59:19","2026-06-12 04:59:19","13099008",""
"1781211574","2026-06-11 20:59:34","2026-06-12 04:59:34","13099008",""
"1781211589","2026-06-11 20:59:49","2026-06-12 04:59:49","13099008",""
"1781211604","2026-06-11 21:00:04","2026-06-12 05:00:04","13099008",""
"1781211619","2026-06-11 21:00:19","2026-06-12 05:00:19","13078528",""
"1781211634","2026-06-11 21:00:34","2026-06-12 05:00:34","13082624",""
"1781211649","2026-06-11 21:00:49","2026-06-12 05:00:49","13086720",""
"1781211664","2026-06-11 21:01:04","2026-06-12 05:01:04","13086720",""
"1781211679","2026-06-11 21:01:19","2026-06-12 05:01:19","13086720",""
"1781211694","2026-06-11 21:01:34","2026-06-12 05:01:34","13086720",""
"1781211709","2026-06-11 21:01:49","2026-06-12 05:01:49","13090816",""
"1781211724","2026-06-11 21:02:04","2026-06-12 05:02:04","13090816",""
"1781211739","2026-06-11 21:02:19","2026-06-12 05:02:19","12992512",""
"1781211754","2026-06-11 21:02:34","2026-06-12 05:02:34","12992512",""
"1781211769","2026-06-11 21:02:49","2026-06-12 05:02:49","12992512",""
"1781211784","2026-06-11 21:03:04","2026-06-12 05:03:04","12734464",""
"1781211799","2026-06-11 21:03:19","2026-06-12 05:03:19","12734464",""
"1781211814","2026-06-11 21:03:34","2026-06-12 05:03:34","12734464",""
"1781211829","2026-06-11 21:03:49","2026-06-12 05:03:49","12738560",""
"1781211844","2026-06-11 21:04:04","2026-06-12 05:04:04","12734464",""
"1781211859","2026-06-11 21:04:19","2026-06-12 05:04:19","12734464",""
"1781211874","2026-06-11 21:04:34","2026-06-12 05:04:34","12804096",""
"1781211889","2026-06-11 21:04:49","2026-06-12 05:04:49","12804096",""
"1781211904","2026-06-11 21:05:04","2026-06-12 05:05:04","12804096",""
"1781211919","2026-06-11 21:05:19","2026-06-12 05:05:19","12804096",""
"1781211934","2026-06-11 21:05:34","2026-06-12 05:05:34","12804096",""
"1781211949","2026-06-11 21:05:49","2026-06-12 05:05:49","12816384",""
"1781211964","2026-06-11 21:06:04","2026-06-12 05:06:04","12804096",""
"1781211979","2026-06-11 21:06:19","2026-06-12 05:06:19","12869632",""
"1781211994","2026-06-11 21:06:34","2026-06-12 05:06:34","12869632",""
"1781212009","2026-06-11 21:06:49","2026-06-12 05:06:49","12869632",""
"1781212024","2026-06-11 21:07:04","2026-06-12 05:07:04","12865536",""
"1781212039","2026-06-11 21:07:19","2026-06-12 05:07:19","12869632",""
"1781212054","2026-06-11 21:07:34","2026-06-12 05:07:34","13135872",""
"1781212069","2026-06-11 21:07:49","2026-06-12 05:07:49","13127680",""
"1781212084","2026-06-11 21:08:04","2026-06-12 05:08:04","13127680",""
"1781212099","2026-06-11 21:08:19","2026-06-12 05:08:19","13127680",""
"1781212114","2026-06-11 21:08:34","2026-06-12 05:08:34","13131776",""
"1781212129","2026-06-11 21:08:49","2026-06-12 05:08:49","13127680",""
"1781212144","2026-06-11 21:09:04","2026-06-12 05:09:04","13127680",""
"1781212159","2026-06-11 21:09:19","2026-06-12 05:09:19","12804096",""
"1781212174","2026-06-11 21:09:34","2026-06-12 05:09:34","12804096",""
"1781212189","2026-06-11 21:09:49","2026-06-12 05:09:49","12808192",""
"1781212204","2026-06-11 21:10:04","2026-06-12 05:10:04","12812288",""
"1781212219","2026-06-11 21:10:19","2026-06-12 05:10:19","12816384",""
"1781212234","2026-06-11 21:10:34","2026-06-12 05:10:34","12816384",""
"1781212249","2026-06-11 21:10:49","2026-06-12 05:10:49","12816384",""
"1781212264","2026-06-11 21:11:04","2026-06-12 05:11:04","12816384",""
"1781212279","2026-06-11 21:11:19","2026-06-12 05:11:19","12853248",""
"1781212294","2026-06-11 21:11:34","2026-06-12 05:11:34","12898304",""
"1781212309","2026-06-11 21:11:49","2026-06-12 05:11:49","12898304",""
"1781212324","2026-06-11 21:12:04","2026-06-12 05:12:04","12898304",""
"1781212339","2026-06-11 21:12:19","2026-06-12 05:12:19","12898304",""
"1781212354","2026-06-11 21:12:34","2026-06-12 05:12:34","12898304",""
"1781212369","2026-06-11 21:12:49","2026-06-12 05:12:49","12910592",""
"1781212384","2026-06-11 21:13:04","2026-06-12 05:13:04","12910592",""
"1781212399","2026-06-11 21:13:19","2026-06-12 05:13:19","12910592",""
"1781212414","2026-06-11 21:13:34","2026-06-12 05:13:34","12967936",""
"1781212429","2026-06-11 21:13:49","2026-06-12 05:13:49","12967936",""
"1781212444","2026-06-11 21:14:04","2026-06-12 05:14:04","12967936",""
"1781212459","2026-06-11 21:14:19","2026-06-12 05:14:19","13168640",""
"1781212474","2026-06-11 21:14:34","2026-06-12 05:14:34","13176832",""
"1781212489","2026-06-11 21:14:49","2026-06-12 05:14:49","13176832",""
"1781212504","2026-06-11 21:15:04","2026-06-12 05:15:04","13713408",""
"1781212519","2026-06-11 21:15:19","2026-06-12 05:15:19","12996608",""
"1781212534","2026-06-11 21:15:34","2026-06-12 05:15:34","12996608",""
"1781212549","2026-06-11 21:15:49","2026-06-12 05:15:49","12996608",""
"1781212564","2026-06-11 21:16:04","2026-06-12 05:16:04","13332480",""
"1781212579","2026-06-11 21:16:19","2026-06-12 05:16:19","13340672",""
"1781212594","2026-06-11 21:16:34","2026-06-12 05:16:34","13340672",""
"1781212609","2026-06-11 21:16:49","2026-06-12 05:16:49","13164544",""
"1781212624","2026-06-11 21:17:04","2026-06-12 05:17:04","13164544",""
"1781212639","2026-06-11 21:17:19","2026-06-12 05:17:19","13176832",""
"1781212654","2026-06-11 21:17:34","2026-06-12 05:17:34","12881920",""
"1781212669","2026-06-11 21:17:49","2026-06-12 05:17:49","12881920",""
"1781212684","2026-06-11 21:18:04","2026-06-12 05:18:04","12881920",""
"1781212699","2026-06-11 21:18:19","2026-06-12 05:18:19","12881920",""
"1781212714","2026-06-11 21:18:34","2026-06-12 05:18:34","13012992",""
"1781212729","2026-06-11 21:18:49","2026-06-12 05:18:49","13012992",""
"1781212744","2026-06-11 21:19:04","2026-06-12 05:19:04","13012992",""
"1781212759","2026-06-11 21:19:19","2026-06-12 05:19:19","13012992",""
"1781212774","2026-06-11 21:19:34","2026-06-12 05:19:34","13017088",""
"1781212789","2026-06-11 21:19:49","2026-06-12 05:19:49","13012992",""
"1781212804","2026-06-11 21:20:04","2026-06-12 05:20:04","12767232",""
"1781212819","2026-06-11 21:20:19","2026-06-12 05:20:19","13021184",""
"1781212834","2026-06-11 21:20:34","2026-06-12 05:20:34","13021184",""
"1781212849","2026-06-11 21:20:49","2026-06-12 05:20:49","12759040",""
"1781212864","2026-06-11 21:21:04","2026-06-12 05:21:04","12759040",""
"1781212879","2026-06-11 21:21:19","2026-06-12 05:21:19","12828672",""
"1781212894","2026-06-11 21:21:34","2026-06-12 05:21:34","12832768",""
"1781212909","2026-06-11 21:21:49","2026-06-12 05:21:49","12832768",""
"1781212924","2026-06-11 21:22:04","2026-06-12 05:22:04","12828672",""
"1781212939","2026-06-11 21:22:19","2026-06-12 05:22:19","12959744",""
"1781212954","2026-06-11 21:22:34","2026-06-12 05:22:34","12959744",""
"1781212969","2026-06-11 21:22:49","2026-06-12 05:22:49","12955648",""
"1781212984","2026-06-11 21:23:04","2026-06-12 05:23:04","12959744",""
"1781212999","2026-06-11 21:23:19","2026-06-12 05:23:19","12992512",""
"1781213014","2026-06-11 21:23:34","2026-06-12 05:23:34","13090816",""
"1781213029","2026-06-11 21:23:49","2026-06-12 05:23:49","13090816",""
"1781213044","2026-06-11 21:24:04","2026-06-12 05:24:04","13090816",""
"1781213059","2026-06-11 21:24:19","2026-06-12 05:24:19","13090816",""
"1781213074","2026-06-11 21:24:34","2026-06-12 05:24:34","13099008",""
"1781213089","2026-06-11 21:24:49","2026-06-12 05:24:49","13099008",""
"1781213104","2026-06-11 21:25:04","2026-06-12 05:25:04","13103104",""
"1781213119","2026-06-11 21:25:19","2026-06-12 05:25:19","13185024",""
"1781213134","2026-06-11 21:25:34","2026-06-12 05:25:34","13185024",""
"1781213149","2026-06-11 21:25:49","2026-06-12 05:25:49","13189120",""
"1781213164","2026-06-11 21:26:04","2026-06-12 05:26:04","13193216",""
"1781213179","2026-06-11 21:26:19","2026-06-12 05:26:19","13193216",""
"1781213194","2026-06-11 21:26:34","2026-06-12 05:26:34","13201408",""
"1781213209","2026-06-11 21:26:49","2026-06-12 05:26:49","13205504",""
"1781213224","2026-06-11 21:27:04","2026-06-12 05:27:04","13008896",""
"1781213239","2026-06-11 21:27:19","2026-06-12 05:27:19","13008896",""
"1781213254","2026-06-11 21:27:34","2026-06-12 05:27:34","13008896",""
"1781213269","2026-06-11 21:27:49","2026-06-12 05:27:49","13012992",""
"1781213284","2026-06-11 21:28:04","2026-06-12 05:28:04","13168640",""
"1781213299","2026-06-11 21:28:19","2026-06-12 05:28:19","13168640",""
"1781213314","2026-06-11 21:28:34","2026-06-12 05:28:34","13172736",""
"1781213329","2026-06-11 21:28:49","2026-06-12 05:28:49","13180928",""
"1781213344","2026-06-11 21:29:04","2026-06-12 05:29:04","13193216",""
"1781213359","2026-06-11 21:29:19","2026-06-12 05:29:19","13193216",""
"1781213374","2026-06-11 21:29:34","2026-06-12 05:29:34","13213696",""
"1781213389","2026-06-11 21:29:49","2026-06-12 05:29:49","13201408",""
"1781213404","2026-06-11 21:30:04","2026-06-12 05:30:04","13254656",""
"1781213419","2026-06-11 21:30:19","2026-06-12 05:30:19","13254656",""
"1781213434","2026-06-11 21:30:34","2026-06-12 05:30:34","13295616",""
"1781213449","2026-06-11 21:30:49","2026-06-12 05:30:49","13275136",""
"1781213464","2026-06-11 21:31:04","2026-06-12 05:31:04","13279232",""
"1781213479","2026-06-11 21:31:19","2026-06-12 05:31:19","13279232",""
"1781213494","2026-06-11 21:31:34","2026-06-12 05:31:34","13037568",""
"1781213509","2026-06-11 21:31:49","2026-06-12 05:31:49","13041664",""
"1781213524","2026-06-11 21:32:04","2026-06-12 05:32:04","13037568",""
"1781213539","2026-06-11 21:32:19","2026-06-12 05:32:19","13053952",""
"1781213554","2026-06-11 21:32:34","2026-06-12 05:32:34","13053952",""
"1781213569","2026-06-11 21:32:49","2026-06-12 05:32:49","13053952",""
"1781213584","2026-06-11 21:33:04","2026-06-12 05:33:04","13053952",""
"1781213599","2026-06-11 21:33:19","2026-06-12 05:33:19","13058048",""
"1781213614","2026-06-11 21:33:34","2026-06-12 05:33:34","13053952",""
"1781213629","2026-06-11 21:33:49","2026-06-12 05:33:49","13053952",""
"1781213644","2026-06-11 21:34:04","2026-06-12 05:34:04","13049856",""
"1781213659","2026-06-11 21:34:19","2026-06-12 05:34:19","13049856",""
"1781213674","2026-06-11 21:34:34","2026-06-12 05:34:34","13258752",""
"1781213689","2026-06-11 21:34:49","2026-06-12 05:34:49","13250560",""
"1781213704","2026-06-11 21:35:04","2026-06-12 05:35:04","13254656",""
"1781213719","2026-06-11 21:35:19","2026-06-12 05:35:19","13254656",""
"1781213734","2026-06-11 21:35:34","2026-06-12 05:35:34","13250560",""
"1781213749","2026-06-11 21:35:49","2026-06-12 05:35:49","13250560",""
"1781213764","2026-06-11 21:36:04","2026-06-12 05:36:04","13283328",""
"1781213779","2026-06-11 21:36:19","2026-06-12 05:36:19","13287424",""
"1781213794","2026-06-11 21:36:34","2026-06-12 05:36:34","13303808",""
"1781213809","2026-06-11 21:36:49","2026-06-12 05:36:49","13303808",""
"1781213824","2026-06-11 21:37:04","2026-06-12 05:37:04","13303808",""
"1781213839","2026-06-11 21:37:19","2026-06-12 05:37:19","13303808",""
"1781213854","2026-06-11 21:37:34","2026-06-12 05:37:34","13303808",""
"1781213869","2026-06-11 21:37:49","2026-06-12 05:37:49","13299712",""
"1781213884","2026-06-11 21:38:04","2026-06-12 05:38:04","13303808",""
"1781213899","2026-06-11 21:38:19","2026-06-12 05:38:19","13307904",""
"1781213914","2026-06-11 21:38:34","2026-06-12 05:38:34","13307904",""
